카드KEY,승인일자,승인시간대,승인SEQ,통합승인금액,국내해외여부,카드이용한도금액,연령,가맹점누적매출금액_구간화,개인법인구분코드_가맹점,가맹점여부_신규,인터넷판매여부,일시불할부구분코드,전월_매출건수,전월_매출금액,카드구분코드
sample-card-01,20240801,12,1,10000,0,3000000,35,2,1,0,0,A,100,1000000,1
sample-card-01,20240802,12,2,10100,0,3000000,35,2,1,0,0,A,100,1000000,1
sample-card-01,20240803,12,3,10200,0,3000000,35,2,1,0,0,A,100,1000000,1
sample-card-01,20240804,12,4,10300,0,3000000,35,2,1,0,0,A,100,1000000,1
sample-card-01,20240805,12,5,10400,0,3000000,35,2,1,0,0,A,100,1000000,1
sample-card-01,20240806,12,6,10500,0,3000000,35,2,1,0,0,A,100,1000000,1
sample-card-01,20240807,12,7,10600,0,3000000,35,2,1,0,0,A,100,1000000,1
sample-card-01,20240808,12,8,10700,0,3000000,35,2,1,0,0,A,100,1000000,1
sample-card-01,20240809,12,9,10800,0,3000000,35,2,1,0,0,A,100,1000000,1
sample-card-01,20240810,12,10,10900,0,3000000,35,2,1,0,0,A,100,1000000,1
sample-card-01,20240811,12,11,11000,0,3000000,35,2,1,0,0,A,100,1000000,1
sample-card-01,20240812,12,12,11100,0,3000000,35,2,1,0,0,A,100,1000000,1
sample-card-01,20240813,12,13,11200,0,3000000,35,2,1,0,0,A,100,1000000,1
sample-card-01,20240814,12,14,11300,0,3000000,35,2,1,0,0,A,100,1000000,1
sample-card-01,20240815,12,15,11400,0,3000000,35,2,1,0,0,A,100,1000000,1
sample-card-01,20240816,12,16,11500,0,3000000,35,2,1,0,0,A,100,1000000,1
sample-card-01,20240817,12,17,11600,0,3000000,35,2,1,0,0,A,100,1000000,1
sample-card-01,20240818,12,18,11700,0,3000000,35,2,1,0,0,A,100,1000000,1
sample-card-01,20240819,12,19,11800,0,3000000,35,2,1,0,0,A,100,1000000,1
sample-card-01,20240820,12,20,11900,0,3000000,35,2,1,0,0,A,100,1000000,1
sample-card-01,20240821,12,21,12000,0,3000000,35,2,1,0,0,A,100,1000000,1
sample-card-01,20240822,12,22,12100,0,3000000,35,2,1,0,0,A,100,1000000,1
sample-card-01,20240823,12,23,12200,0,3000000,35,2,1,0,0,A,100,1000000,1
sample-card-01,20240824,12,24,12300,0,3000000,35,2,1,0,0,A,100,1000000,1
sample-card-01,20240825,12,25,12400,0,3000000,35,2,1,0,0,A,100,1000000,1
sample-card-02,20240801,12,1,10000,0,3000000,35,2,1,0,0,A,100,1000000,1
sample-card-02,20240802,12,2,10100,0,3000000,35,2,1,0,0,A,100,1000000,1
sample-card-02,20240803,12,3,10200,0,3000000,35,2,1,0,0,A,100,1000000,1
sample-card-02,20240804,12,4,10300,0,3000000,35,2,1,0,0,A,100,1000000,1
sample-card-02,20240805,12,5,10400,0,3000000,35,2,1,0,0,A,100,1000000,1
sample-card-02,20240806,12,6,10500,0,3000000,35,2,1,0,0,A,100,1000000,1
sample-card-02,20240807,12,7,10600,0,3000000,35,2,1,0,0,A,100,1000000,1
sample-card-02,20240808,12,8,10700,0,3000000,35,2,1,0,0,A,100,1000000,1
sample-card-02,20240809,12,9,10800,0,3000000,35,2,1,0,0,A,100,1000000,1
sample-card-02,20240810,12,10,10900,0,3000000,35,2,1,0,0,A,100,1000000,1
sample-card-02,20240811,12,11,11000,0,3000000,35,2,1,0,0,A,100,1000000,1
sample-card-02,20240812,12,12,11100,0,3000000,35,2,1,0,0,A,100,1000000,1
sample-card-02,20240813,12,13,11200,0,3000000,35,2,1,0,0,A,100,1000000,1
sample-card-02,20240814,12,14,11300,0,3000000,35,2,1,0,0,A,100,1000000,1
sample-card-02,20240815,12,15,11400,0,3000000,35,2,1,0,0,A,100,1000000,1
sample-card-02,20240816,12,16,11500,0,3000000,35,2,1,0,0,A,100,1000000,1
sample-card-02,20240817,12,17,11600,0,3000000,35,2,1,0,0,A,100,1000000,1
sample-card-02,20240818,12,18,11700,0,3000000,35,2,1,0,0,A,100,1000000,1
sample-card-02,20240819,12,19,11800,0,3000000,35,2,1,0,0,A,100,1000000,1
sample-card-02,20240820,12,20,11900,0,3000000,35,2,1,0,0,A,100,1000000,1
sample-card-02,20240821,12,21,12000,0,3000000,35,2,1,0,0,A,100,1000000,1
sample-card-02,20240822,12,22,12100,0,3000000,35,2,1,0,0,A,100,1000000,1
sample-card-02,20240823,12,23,12200,0,3000000,35,2,1,0,0,A,100,1000000,1
sample-card-02,20240824,12,24,12300,0,3000000,35,2,1,0,0,A,100,1000000,1
sample-card-02,20240825,12,25,12400,0,3000000,35,2,1,0,0,A,100,1000000,1
